human_pro,virus_pro,human_seq,virus_seq
Q9GZQ4,uniprotkb:Q4JR05,MSGMEKLQNASWIYQQKLEDPFQKHLNSTEEYLAFLCGPRRSHFFLPVSVVYVPIFVVGVIGNVLVCLVILQHQAMKTPTNYYLFSLAVSDLLVLLLGMPLEVYEMWRNYPFLFGPVGCYFKTALFETVCFASILSITTVSVERYVAILHPFRAKLQSTRRRALRILGIVWGFSVLFSLPNTSIHGIKFHYFPNGSLVPGSATCTVIKPMWIYNFIIQVTSFLFYLLPMTVISVLYYLMALRLKKDKSLEADEGNANIQRPCRKSVNKMLFVLVLVFAICWAPFHIDRLFFSFVEEWSESLAAVFNLVHVVSGVFFYLSSAVNPIIYNLLSRRFQAAFQNVISSFHKQWHSQHDPQLPPAQRNIFLTECHFVELTEDIGPQFPCQSSMHNSHLPAALSSEQMSRTNYQSFHFNKT,MSPCGYYSKWRNRDRPEYRRNLRFRRFFSSIHPNAAAGSGFNGPGVFITSVTGVWLCFLCIFSMFVTAVVSVSPSSFYESLQVEPTQSEDITRSAHLGDGDEIREAIHKSQDAETKPTFYVCPPPTGSTIVRLEPPRTCPDYHLGKNFTEGIAVVYKENIAAYKFKATVYYKDVIVSTAWAGSSYTQITNRYADRVPIPVSEITDTIDKFGKCSSKATYVRNNHKVEAFNEDKNPQDMPLIASKYNSVGSKAWHTTNDTYMVAGTPGTYRTGTSVNCIIEEVEARSIFPYDSFGLSTGDIIYMSPFFGLRDGAYREHSNYAMDRFHQFEGYRQRDLDTRALLEPAARNFLVTPHLTVGWNWKPKRTEVCSLVKWREVEDVVRDEYAHNFRFTMKTLSTTFISETNEFNLNQIHLSQCVKEEARAIINRIYTTRYNSSHVRTGDIQTYLARGGFVVVFQPLLSNSLARLYLQELVRENTNHSPQKHPTRNTRSRRSVPVELRANRTITTTSSVEFAMLQFTYDHIQEHVNEMLARISSSWCQLQNRERALWSGLFPINPSALASTILDQRVKARILGDVISVSNCPELGSDTRIILQNSMRVSGSTTRCYSRPLISIVSLNGSGTVEGQLGTDNELIMSRDLLEPCVANHKRYFLFGHHYVYYEDYRYVREIAVHDVGMISTYVDLNLTLLKDREFMPLQVYTRDELRDTGLLDYSEIQRRNQMHSLRFYDIDKVVQYDSGTAIMQGMAQFFQGLGTAGQAVGHVVLGATGALLSTVHGFTTFLSNPFGALAVGLLVLAGLVAAFFAYRYVLKLKTSPMKALYPLTTKGLKQLPEGMDPFAEKPNATDTPIEEIGDSQNTEPSVNSGFDPDKFREAQEMIKYMTLVSAAERQESKARKKNKTSALLTSRLTGLALRNRRGYSRVRTENVTGV
uniprotkb:Q9NP98,uniprotkb:P23372,MPLSGTPAPNKKRKSSKLIMELTGGGQESSGLNLGKKISVPRDVMLEELSLLTNRGSKMFKLRQMRVEKFIYENHPDVFSDSSMDHFQKFLPTVGGQLGTAGQGFSYSKSNGRGGSQAGGSGSAGQYGSDQQHHLGSGSGAGGTGGPAGQAGRGGAAGTAGVGETGSGDQAGGEGKHITVFKTYISPWERAMGVDPQQKMELGIDLLAYGAKAELPKYKSFNRTAMPYGGYEKASKRMTFQMPKFDLGPLLSEPLVLYNQNLSNRPSFNRTPIPWLSSGEPVDYNVDIGIPLDGETEEL,MAATVPRFDDVYKNAQRRILDQETFFSRGLSRPLMKNTYLFDNYAYGWIPETAIWSSRYANLDASDYYPISLGLLKKFEFLMSLYKGPIPVYEEKVNTEFIANGSFSGRYVSYLRKFSALPTNEFISFLLLTSIPIYNILFWFKNTQFDITKHTLFRYVYTDNAKHLALARYMHQTGDYKPLFSRLKENYIFTGPVPIGIKDINHPNLSRARSPSDYETLANISTILYFTKYDPVLMFLLFYVPGYSITTKITPAVEYLMDKLNLTKSDVQLL
uniprotkb:P13667,uniprotkb:P24830,MRPRKAFLLLLLLGLVQLLAVAGAEGPDEDSSNRENAIEDEEEEEEEDDDEEEDDLEVKEENGVLVLNDANFDNFVADKDTVLLEFYAPWCGHCKQFAPEYEKIANILKDKDPPIPVAKIDATSASVLASRFDVSGYPTIKILKKGQAVDYEGSRTQEEIVAKVREVSQPDWTPPPEVTLVLTKENFDEVVNDADIILVEFYAPWCGHCKKLAPEYEKAAKELSKRSPPIPLAKVDATAETDLAKRFDVSGYPTLKIFRKGRPYDYNGPREKYGIVDYMIEQSGPPSKEILTLKQVQEFLKDGDDVIIIGVFKGESDPAYQQYQDAANNLREDYKFHHTFSTEIAKFLKVSQGQLVVMQPEKFQSKYEPRSHMMDVQGSTQDSAIKDFVLKYALPLVGHRKVSNDAKRYTRRPLVVVYYSVDFSFDYRAATQFWRSKVLEVAKDFPEYTFAIADEEDYAGEVKDLGLSESGEDVNAAILDESGKKFAMEPEEFDSDTLREFVTAFKKGKLKPVIKSQPVPKNNKGPVKVVVGKTFDSIVMDPKKDVLIEFYAPWCGHCKQLEPVYNSLAKKYKGQKGLVIAKMDATANDVPSDRYKVEGFPTIYFAPSGDKKNPVKFEGGDRDLEHLSKFIEEHATKLSRTKEEL,MKETMMKTLSQRLNVLQDKILEYYEQDSKSIYDQINYWKCVRMENAIFYAARERGMHTIDHQVVPTINISKCKAYQAIELQMALESVAQTEYNTEEWTLKDTSNELWHTQPKQCFKKQGTTVEVWYDGDKCNAMNYVLWGAIYYKNNIDIWCKTEGCVDYWGIYYMNEHLKVYYEVFIQDAERYGTSGKWEVHYNGNIIHCPDSMCSTSDGSVPTTELTTELSNTTATHSTATTPCTQKTIPPPSRKRPRQCAVTEPTEPDGVSLDHLNNPLHSNSTGHNTRRYLSCGNTTPIIHLKGDKNGLKCLRYRLQKYDTLFENISCTWHWIRGKGTKNAGILTVTYATESQRQKFLDTVKIPSSVHVSLGYMTL
Q9UQ16,uniprotkb:P18272,MGNREMEELIPLVNRLQDAFSALGQSCLLELPQIAVVGGQSAGKSSVLENFVGRDFLPRGSGIVTRRPLVLQLVTSKAEYAEFLHCKGKKFTDFDEVRLEIEAETDRVTGMNKGISSIPINLRVYSPHVLNLTLIDLPGITKVPVGDQPPDIEYQIREMIMQFITRENCLILAVTPANTDLANSDALKLAKEVDPQGLRTIGVITKLDLMDEGTDARDVLENKLLPLRRGYVGVVNRSQKDIDGKKDIKAAMLAERKFFLSHPAYRHIADRMGTPHLQKVLNQQLTNHIRDTLPNFRNKLQGQLLSIEHEVEAYKNFKPEDPTRKTKALLQMVQQFAVDFEKRIEGSGDQVDTLELSGGAKINRIFHERFPFEIVKMEFNEKELRREISYAIKNIHGIRTGLFTPDMAFEAIVKKQIVKLKGPSLKSVDLVIQELINTVKKCTKKLANFPRLCEETERIVANHIREREGKTKDQVLLLIDIQVSYINTNHEDFIGFANAQQRSSQVHKKTTVGNQGTNLPPSRQIVIRKGWLTISNIGIMKGGSKGYWFVLTAESLSWYKDDEEKEKKYMLPLDNLKVRDVEKSFMSSKHIFALFNTEQRNVYKDYRFLELACDSQEDVDSWKASLLRAGVYPDKSVAENDENGQAENFSMDPQLERQVETIRNLVDSYMSIINKCIRDLIPKTIMHLMINNVKDFINSELLAQLYSSEDQNTLMEESAEQAQRRDEMLRMYQALKEALGIIGDISTATVSTPAPPPVDDSWIQHSRRSPPPSPTTQRRPTLSAPLARPTSGRGPAPAIPSPGPHSGAPPVPFRPGPLPPFPSSSDSFGAPPQVPSRPTRAPPSVPSRRPPPSPTRPTIIRPLESSLLD,MDSRPQKIWMAPSLTESDMDYHKILTAGLSVQQGIVRQRVIPVYQVNNLEEICQLIIQAFEAGVDFQESADSFLLMLCLHHAYQGDYKLFLESGAVKYLEGHGFRFEVKKRDGVKRLEELLPAVSSGKNIKRTLAAMPEEETTEANAGQFLSFASLFLPKLVVGEKACLEKVQRQIQVHAEQGLIQYPTAWQSVGHMMVIFRLMRTNFLIKFLLIHQGMHMVAGHDANDAVISNSVAQARFSGLLIVKTVLDHILQKTERGVRLHPLARTAKVKNEVNSFKAALSSLAKHGEYAPFARLLNLSGVNNLEHGLFPQLSAIALGVATAHGSTLAGVNVGEQYQQLREAATEAEKQLQQYAESRELDHLGLDDQEKKILMNFHQKKNEISFQQTNAMVTLRKERLAKLTEAITAASLPKTSGHYDDDDDIPFPGPINDDDNPGHQDDDPTDSQDTTIPDVVVDPDDGSYGEYQSYSENGMNAPDDLVLFDLDEDDEDTKPVPNRSTKGGQQKNSQKGQHIEGRQTQSRPIQNVPGPHRTIHHASAPLTDNDRRNEPSGSTSPRMLTPINEEADPLDDADDETSSLPPLESDDEEQDRDGTSNRTPTVAPPAPVYRDHSEKKELPQDEQQDQDHTQEARNQDSDNTQSEHSFEEMYRHILRSQGPFDAVLYYHMMKDEPVVFSTSDGKEYTYPDSLEEEYPPWLTEKEAMNEENRFVTLDGQQFYWPVMNHKNKFMAILQHHQ
uniprotkb:P14373,uniprotkb:P0CK48,MASGSVAECLQQETTCPVCLQYFAEPMMLDCGHNICCACLARCWGTAETNVSCPQCRETFPQRHMRPNRHLANVTQLVKQLRTERPSGPGGEMGVCEKHREPLKLYCEEDQMPICVVCDRSREHRGHSVLPLEEAVEGFKEQIQNQLDHLKRVKDLKKRRRAQGEQARAELLSLTQMEREKIVWEFEQLYHSLKEHEYRLLARLEELDLAIYNSINGAITQFSCNISHLSSLIAQLEEKQQQPTRELLQDIGDTLSRAERIRIPEPWITPPDLQEKIHIFAQKCLFLTESLKQFTEKMQSDMEKIQELREAQLYSVDVTLDPDTAYPSLILSDNLRQVRYSYLQQDLPDNPERFNLFPCVLGSPCFIAGRHYWEVEVGDKAKWTIGVCEDSVCRKGGVTSAPQNGFWAVSLWYGKEYWALTSPMTALPLRTPLQRVGIFLDYDAGEVSFYNVTERCHTFTFSHATFCGPVRPYFSLSYSGGKSAAPLIICPMSGIDGFSGHVGNHGHSMETSP,MAPVTPDAVNARQQRPADPALRRLMHPHHRNYTASKASAHSVKSVSRCGKSRSELGRMERVGSVARSICSRHTRHGVDRSHFSLRDFFRGISANFELGKDFLREMNTPIHVSEAVFLPLSLCTLSPGRCLRLSPFGHSLTLGSHCEICINRSQVHVPQEFSSTQLSFFNNVHKIIPNKTFYVSLLSSSPSAVKAGLSQPSLLYAYLVTGHFCGTICPIFSTNGKGRLIMHLLLQGTSLHIPETCLKLLCENIGPTYELAVDLVGDAFCIKVSPRDTVYEKAVNVDEDAIYEAIKDLECGDELRLQIINYTQLILENKQ
Q9H825,uniprotkb:P0C213,MNMIWRNSISCLRLGKVPHRYQSGYHPVAPLGSRILTDPAKVFEHNMWDHMQWSKEEEAAARKKVKENSAVRVLLEEQVKYEREASKYWDTFYKIHKNKFFKDRNWLLREFPEILPVDQKPEEKARESSWDHVKTSATNRFSRMHCPTVPDEKNHYEKSSGSSEGQSKTESDFSNLDSEKHKKGPMETGLFPGSNATFRILEVGCGAGNSVFPILNTLENSPESFLYCCDFASGAVELVKSHSSYRATQCFAFVHDVCDDGLPYPFPDGILDVILLVFVLSSIHPDRTLFI,MAHFPGFGQSLLFGYPVYVFGDCVQGDWCPISGGLCSARLHRHALLATCPEHQITWDPIDGRVIGSALQFLIPRLPSFPTQRTSKTLKVLTPPTTHTTPNIPPSFLQAMRKYSPFRNGYMEPTLGQHLPTLSFPDPGLRPQNLYTLWGGSVVCMYLYQLSPPITWPLLPHVIFDHPDQLGAFLTNVPYKRMEELLYKISLTTGALIILPEDCLPTTLFQPARAPVTLTAWQSGLLPFHSTLTTPGLIWAFTDGTPMISGPCPKDGRPSLVLQSSSFIFHKFQTKAYHPSFLLSHGLIQYSSFHNLHLLFEEYTNIPISLLFNEKEADDTDHEPQVSPGGLEPPSEKHFRETEV
Q12841,refseq:NP_740321,MWKRWLALALALVAVAWVRAEEELRSKSKICANVFCGAGRECAVTEKGEPTCLCIEQCKPHKRPVCGSNGKTYLNHCELHRDACLTGSKIQVDYDGHCKEKKSVSPSASPVVCYQSNRDELRRRIIQWLEAEIIPDGWFSKGSNYSEILDKYFKNFDNGDSRLDSSEFLKFVEQNETAINITTYPDQENNKLLRGLCVDALIELSDENADWKLSFQEFLKCLNPSFNPPEKKCALEDETYADGAETEVDCNRCVCACGNWVCTAMTCDGKNQKGAQTQTEEEMTRYVQELQKHQETAEKTKRVSTKEI,SGALWDVPSPAATKKAALSEGVYRIMQRGLFGKTQVGVGIHMEGVFHTMWHVTRGSVICHETGRLEPSWADVRNDMISYGGGWRLGDKWDKEEDVQVLAIEPGKNPKHVQTKPGLFKTLTGEIGAVTLDFKPGTSGSPIINRKGKVIGLYGNGVVTKSGDYVSAITQAERIGEPDYEVDEDIFRKKRLTIMDLHPGAGKTKRILPSIVREALKRRLRTLILAPTRVVAAEMEEALRGLPIRYQTPAVKSEHTGREIVDLMCHATFTTRLLSSTRVPNYNLIVMDEAHFTDPSSVAARGYISTRVEMGEAAAIFMTATPPGATDPFPQSNSPIEDIEREIPERSWNTGFDWITDYQGKTVWFVPSIKAGNDIANCLRKSGKKVIQLSRKTFDTEYPKTKLTDWDFVVTTDISEMGANFRAGRVIDPRRCLKPVILPDGPERVILAGPIPVTPASAAQRRGRIGRNPAQEDDQYVFSGDPLKNDEDHAHWTEAKMLLDNIYTPEGIIPTLFGPEREKTQAIDGEFRLRGEQRKTFVELMRRGDLPVWLSYKVASAGISYEDREWCFTGERNNQILEENMEVEIWTREGEKKKLRPRWLDARVYADPMALKDFKEFASGRK
Q96A11,uniprotkb:Q8AZK7,MPPILQRLQQATKMMSRRKILLLVLGCSTVSLLIHQGAQLSWYPKLFPLSCPPLRNSPPRPKHMTVAFLKTHKTAGTTVQNILFRFAERHNLTVALPHPSCEHQFCYPRNFSAHFVHPATRPPHVLASHLRFDRAELERLMPPSTVYVTILREPAAMFESLFSYYNQYCPAFRRVPNASLEAFLRAPEAYYRAGEHFAMFAHNTLAYDLGGDNERSPRDDAAYLAGLIRQVEEVFSLVMIAEYFDESLVLLRRLLAWDLDDVLYAKLNARAASSRLAAIPAALARAARTWNALDAGLYDHFNATFWRHVARAGRACVEREARELREARQRLLRRCFGDEPLLRPAAQIRTKQLQPWQPSRKVDIMGYDLPGGGAGPATEACLKLAMPEVQYSNYLLRKQKRRGGARARPEPVLDNPPPRPIRVLPRGPQGP,MGDRSEGPGPTRPGPPGIGPEGPLGQLLRRHRSPSPTRGGQEPRRVRRRVLVQQEEEVVSGSPSGPRGDRSEGPGPTRPGPPGIGPEGPLGQLLRRHRSPSPTRGGQEPRRVRRRVLVQQEEEVVSGSPSGPRGDRSEGPGPTRPGPPGIGPEGPLGQLLRRHRSPSPTRGGQEPRRVRRRVLVQQEEEVVSGSPSGPRGDRSEGPGPTRPGPPGIGPEGPLGQLLRRHRSPSPTRGGQEPRRVRRRVLVQQEEEVVSGSPSGPRGDRSEGPGPTRPGPPGIGPEGPLGQLLRRHRSPSPTRGGQEPRRVRRRVLVQQEEEVVSGSPSGPRGDRSEGPGPTRPGPPGIGPEGPLGQLLRRHRSPSPTRGGQEPRRVRRRVLVQQEEEVVSGSPSGPRGDRSEGPGPTRPGPPGIGPEGPLGQLLRRHRSPSPTRGGQEPRRVRRRVLVQQEEEVVSGSPSGPLRPRPRPPARSLREWLLRIRDHFEPPTVTTQRQSVYIEEEEDED
Q8NHC6,uniprotkb:Q9WMB5,MSPDTFLKGFAEFFLMGFSNSWDIQIVHAALFFLVYLAAVIGNLLIIILTTLDVHLQTPMYFFLRNLSFLDFCYISVTIPKSIVSSLTHDTSISFFGCALQAFFFMDLATTEVAILTVMSYDRYMAICRPLHYEVIINQGVCLRMMAMSWLSGVICGFMHVIATFSLPFCGRNRIRQFFCNIPQLLSLLDPKVITIEIGVMVFGTSLVIISFVVITLSYMYIFSVIMRIPSKEGRSKTFSTCIPHLVVVTLFMISGSIAYVKPISNSPPVLDVFLSAFYTVVPPTLNPVIYSLRNRDMKAALRRQCGP,MATLLRSLALFKRNKDKPPITSGSGGAIRGIKHIIIVPIPGDSSITTRSRLLDRLVRLIGNPDVSGPKLTGALIGILSLFVESPGQLIQRITDDPDVSIRLLEVVQSDQSQSGLTFASRGTNMEDEADQYFSHDDPSSSDQSRSGWFENKEISDIEVQDPEGFNMILGTILAQIWVLLAKAVTAPDTAADSELRRWIKYTQQRRVVGEFRLERKWLDVVRNRIAEDLSLRRFMVALILDIKRTPGNKPRIAEMICDIDTYIVEAGLASFILTIKFGIETMYPALGLHEFAGELSTLESLMNLYQQMGETAPYMVILENSIQNKFSAGSYPLLWSYAMGVGVELENSMGGLNFGRSYFDPAYFRLGQEMVRRSAGKVSSTLASELGITAEDARLVSEIAMHTTEDRISRAVGPRQAQVSFLHGDQSENELPGLGGKEDRRVKQGRGEARESYRETGSSRASDARAAHPPTSMPLDIDTASESGQDPQDSRRSADALLRLQAMAGILEEQGSDTDTPRVYNDRDLLD
Q8WUQ7,uniprotkb:P36817,MGRDTRSRSRSAGRRGRRRQSQSGSRSRSRSHGRRNRRRREDEGRRRRRRRSRERRSDSEEERWQRSGMRSRSPPRPKWHSRDGSSQSDSGEEQSRGQWARRRRRARSWSPSSSASSSASPGRSQSPRAAAAALSQQQSLQERLRLREERKQQEELMKAFETPEEKRARRLAKKEAKERKKREKMGWGEEYMGYTNTDNPFGDNNLLGTFIWNKALEKKGISHLEEKELKERNKRIQEDNRLELQKVKQLRLEREREKAMREQELEMLQREKEAEHFKTWEEQEDNFHLQQAKLRSKIRIRDGRAKPIDLLAKYISAEDDDLAVEMHEPYTFLNGLTVADMEDLLEDIQVYMELEQGKNADFWRDMTTITEDEISKLRKLEASGKGPGERREGVNASVSSDVQSVFKGKTYNQLQVIFQGIEGKIRAGGPNLDMGYWESLLQQLRAHMARARLRERHQDVLRQKLYKLKQEQGVESEPLFPILKQEPQSPSRSLEPEDAAPTPPGPSSEGGPAEAEVDGATPTEGDGDGDGEGEGEGEAVLMEEDLIQQSLDDYDAGRYSPRLLTAHELPLDAHVLEPDEDLQRLQLSRQQLQVTGDASESAEDIFFRRAKEGMGQDEAQFSVEMPLTGKAYLWADKYRPRKPRFFNRVHTGFEWNKYNQTHYDFDNPPPKIVQGYKFNIFYPDLIDKRSTPEYFLEACADNKDFAILRFHAGPPYEDIAFKIVNREWEYSHRHGFRCQFANGIFQLWFHFKRYRYRR,MIGKEATIPEVVLELQELVQPTADLHCYEELTEEPAEEEQCLTPYKIVAGCGCGARLRLYVLATNLGIRAQQELLLGDIQLVCPECRGRLRHE
P0C7T2,uniprotkb:P03170,MPTLSFWVCSATPVSPGFFALILLVFVTSIASNVVKIILIHIDSRLHTPMYFLLSQLSLRDILYISTIVPKMLVDQVMSQRAISFAGCTAQHFLYLTLAGAEFFLLGLMSCDRYVAICNPLHYPDLMSRKICWLIVAAAWLGGSIDGFLLTPVTMQFPFCASREINHFFCEVPALLKLSCTDTSAYETAMYVCCIMMLLIPFSVISGSYTRILITVYRMSEAEGRRKAVATCSSHMVVVSLFYGAAMYTYVLPHSYHTPEQDKAVSAFYTILTPMLNPLIYSLRNKDVTGALQKVVGRCVSSGKVTTF,MSWALEMADTFLDTMRVGPRTYADVRDEINKRGREDREAARTAVHDPERPLLRSPGLLPEIAPNASLGVAHRRTGGTVTDSPRNPVTR
Q8N5S9,uniprotkb:B8PZP3,MEGGPAVCCQDPRAELVERVAAIDVTHLEEADGGPEPTRNGVDPPPRARAASVIPGSTSRLLPARPSLSARKLSLQERPAGSYLEAQAGPYATGPASHISPRAWRRPTIESHHVAISDAEDCVQLNQYKLQSEIGKGAYGVVRLAYNESEDRHYAMKVLSKKKLLKQYGFPRRPPPRGSQAAQGGPAKQLLPLERVYQEIAILKKLDHVNVVKLIEVLDDPAEDNLYLVFDLLRKGPVMEVPCDKPFSEEQARLYLRDVILGLEYLHCQKIVHRDIKPSNLLLGDDGHVKIADFGVSNQFEGNDAQLSSTAGTPAFMAPEAISDSGQSFSGKALDVWATGVTLYCFVYGKCPFIDDFILALHRKIKNEPVVFPEEPEISEELKDLILKMLDKNPETRIGVPDIKLHPWVTKNGEEPLPSEEEHCSVVEVTEEEVKNSVRLIPSWTTVILVKSMLRKRSFGNPFEPQARREERSMSAPGNLLVKEGFGEGGKSPELPGVQEDEAAS,MATLLRSLALFKRNKDKPPITSGSGGAIRGIKHIIIVPIPGDSSITTRSRLLDRLVRLIGNPDVSGPKLTGALIGILSLFVESPGQLIQRITDDPDVSIRLLEVVQSDQSQSGLTFASRGTNMEDEADQYFSHDDPISSDQSRFGWFGNKEISDIEVQDPEGFNMILGTILAQIWVLLAKAVTAPDTAADSELRRWIKYTQQRRVVGEFRLERKWLDVVRNRIAEDLSLRRFMVALILDIKRTPGNKPRIAEMICDIDTYIVEAGLASFILTIKFGIETMYPALGLHEFAGELSTLESLMNLYQQMGETAPYMVILENSIQNKFSAGSYPLLWSYAMGVGVELENSMGGLNFGRSYFDPAYFRLGQEMVRRSAGKVSSTLASELGITAEDARLVSEIAMHTTEDKISRAVGPRQAQVSFLHGDQSENELPRLGGKEDRRVKQSRGEARESYRETGPSRASDARAAHLPTGTPLDIDTATESSQDPQDSRRSADALLRLQAMAGISEEQGSDTDTPIVYNDRNLLD
uniprotkb:P78545,uniprotkb:P24835,MAATCEISNIFSNYFSAMYSSEDSTLASVPPAATFGADDLVLTLSNPQMSLEGTEKASWLGEQPQFWSKTQVLDWISYQVEKNKYDASAIDFSRCDMDGATLCNCALEELRLVFGPLGDQLHAQLRDLTSSSSDELSWIIELLEKDGMAFQEALDPGPFDQGSPFAQELLDDGQQASPYHPGSCGAGAPSPGSSDVSTAGTGASRSSHSSDSGGSDVDLDPTDGKLFPSDGFRDCKKGDPKHGKRKRGRPRKLSKEYWDCLEGKKSKHAPRGTHLWEFIRDILIHPELNEGLMKWENRHEGVFKFLRSEAVAQLWGQKKKNSNMTYEKLSRAMRYYYKREILERVDGRRLVYKFGKNSSGWKEEEVLQSRN,MARFHNPAERPYKLPDLCTTLDTTLQDITIACVYCRRPLQQTEVYEFAFSDLYVVYRDGEPLAACQSCIKFYAKIRELRYYSDSVYATTLENITNTKLYNLLIRCMCCLKPLCPAEKLRHLNSKRRFHKIAGSYTGQCRRCWTTKREDRRLTRRETQV
Q9H4Q3,uniprotkb:C5E522,MHGAARAPATSVSADCCIPAGLRLGPVPGTFKLGKYLSDRREPGPKKKVRMVRGELVDESGGSPLEWIGLIRAARNSQEQTLEAIADLPGGQIFYRALRDVQPGEELTVWYSNSLAQWFDIPTTATPTHDEKGEERYICWYCWRTFRYPNSLKAHLRFHCVFSGGGGGAFLHHEHAARQGAVPAADGLGLSPKPPAPDFAAPSQAGTLRPHPLGPPPVQACGAREGIKREASSAPSATSPTPGKWGQPKKGKEQLDRALDMSGAARGQGHFLGIVGGSSAGVGSLAFYPGVRSAFKPAGLARAAAAAHGDPYREESSSKQGAGLALGRLLGGGRACGRPGSGENSAAGGAGHHHHHHAHHHHHPKCLLAGDPPPPPPPGLPCSGALRGFPLLSVPPEEASAFKHVERAPPAAAALPGARYAQLPPAPGLPLERCALPPLDPGGLKAYPGGECSHLPAVMPAFTVYNGELLYGSPATTAYYPLKLHFGGLLKYPESISYFSGPAAAALSPAELGSLASIDREIAMHNQQLSEMAAGKGRGRLDSGTLPPAVAAAGGTGGGGSGGSGAGKPKTGHLCLYCGKLYSRKYGLKIHMRTHTGYKPLKCKVCLRPFGDPSNLNKHIRLHAEGNTPYRCEFCGKVLVRRRDLERHVKSRHPGQSLLAKAGDGPGAEPGYPPEPGDPKSDDSDVDVCFTDDQSDPEVGGGGERDL,MASQGTKRSYEQMETGGERQDATEIRASVGRMIGGIGRFYIQMCTELKLSDYDGRLIQNSITIERMVLSAFDERRNKYLEEHPSAGKDPKKTGGPIYRRVDGKWMRELILYDKEEIRRVWRQANNGEDATAGLTHIMIWHSNLNDATYQRTRALVRTGMDPRMCSLMQGSTLPRRSGAAGAAVKGVGTIAMELIRMIKRGINDRNFWRGENGRRTRVAYERMCNILKGKFQTAAQRAMMDQVRESRNPGNAEIEDLIFLARSALILRGSVAHKSCLPACVYGLAVASGHDFEREGYSLVGIDPFKLLQNSQVVSLMRPNENPAHKSQLVWMACHSAAFEDLRVSSFIRGKKVIPRGKLSTRGVQIASNENVEIMDSNTLELRSRYWAIRTRSGGNTNQQKASAGQISVQPTFSVQRNLPFERATVMAAFSGNNEGRTSDMRTEVIRMMESAKPEDLSFQGRGVFELSDEKATNPIVPSFDMSNEGSYFFGDNAEEYDS
P04818,refseq:YP_009227205,MPVAGSELPRRPLPPAAQERDAEPRPPHGELQYLGQIQHILRCGVRKDDRTGTGTLSVFGMQARYSLRDEFPLLTTKRVFWKGVLEELLWFIKGSTNAKELSSKGVKIWDANGSRDFLDSLGFSTREEGDLGPVYGFQWRHFGAEYRDMESDYSGQGVDQLQRVIDTIKTNPDDRRIIMCAWNPRDLPLMALPPCHALCQFYVVNSELSCQLYQRSGDMGLGVPFNIASYALLTYMIAHITGLKPGDFIHTLGDAHIYLNHIEPLKIQLQREPRPFPKLRILRKVEKIDDFKAEDFQIEGYNPHPTIKMEMAV,GGGTGETLGEKWKARLNQMSALEFYSYKKSGITEVCREEARRALKDGVATGGHAVSRGSAKIRWLEERGYLQPYGKVVDLGCGRGGWSYYAATIRKVQEVRGYTKGGPGHEEPMLVQSYGWNIVRLKSGVDVFHMAAEPCDTLLCDIGESSSSPEVEETRTLRVLSMVGDWLEKRPGAFCIKVLCPYTSTMMETMERLQRRHGGGLVRVPLCRNSTHEMYWVSGAKSNIIKSVSTTSQLLLGRMDGPRRPVKYEEDVNLGSGTRAVASCAEAPNMKIIGRRIERIRNEHAETWFLDENHPYRTWAYHGSYEAPTQGSASSLVNGVVRLLSKPWDVVTGVTGIAMTDTTPYGQQRVFKEKVDTRVPDPQEGTRQVMNIVSSWLWKELGKRKRPRVCTKEEFINKVRSNAALGAIFEEEKEWKTAVEAVNDPRFWALVDREREHHLRGECHSCVYNMMGKREKKQGEFGKAKGSRAIWYMWLGARFLEFEALGFLNEDHWMGRENSGGGVEGLGLQRLGYILEEMNRAPGGKMYADDTAGWDTRISKFDLENEALITNQMEEGHRTLALAVIKYTYQNKVVKVLRPAEGGKTVMDIISRQDQRGSGQVVTYALNTFTNLVVQLIRNMEAEEVLEMQDLWLLRKPEKVTRWLQSNGWDRLKRMAVSGDDCVVKPIDDRFAHALRFLNDMGKVRKDTQEWKPSTGWSNWEEVPFCSHHFNKLYLKDGRSIVVPCRHQDELIGRARVSPGAGWSIRETACLAKSYAQMWQLLYFHRRDLRLMANAICSAVPVDWVPTGRTTWSIHGKGEWMTTEDMLMVWNRVWIEENDHMEDKTPVTKWTDIPYLGKREDLWCGSLIGHRPRTTWAENIKDTVNMVRRIIGDEEKYMDYLSTQVRYLGEEGSTPGVL
Q12912,uniprotkb:Q9QMH9,MESTPFSGVANQIHTLCERPTYGEVKDGALDVKRQHKCPGPTSGPSPGTNLSGCIRMNDDPSMEENGVERVCPESLLQSREYSSLPLPRHTSSTDGTITSSDPGLEILNMASCDLDRNSLCKKEEDTRSASPTIEAQGTSPAHDNIAFQDSTSKDKTILNLEAKEEPETIEEHKKEHASGDSVVSPLPVTTVKSVNLRQSENTSANEKEVEAEFLRLSLGFKCDWFTLEKRVKLEERSRDLAEENLKKEITNCLKLLESLTPLCEDDNQAQEIIKKLEKSIKFLSQCAARVASRAEMLGAINQESRVSKAVEVMIQHVENLKRMYAKEHAELEELKQVLLQNERSFNPLEDDDDCQIKKRSASLNSKPSSLRRVTIASLPRNIGNAGMVAGMENNDRFSRRSSSWRILGSKQSEHRPSLPRFISTYSWADAEEEKCELKTKDDSEPSGEETVERTRKPSLSEKKNNPSKWDVSSVYDTIASWATNLKSSIRKANKALWLSIAFIVLFAALMSFLTGQLFQKSVDAAPTQQEDSWTSLEHILWPFTRLRHNGPPPV,MAARLCCQLDPARDVLCLRPVGAESCGRPFSGPLGALSSPSLPAVPADHGAHLSLRGLPVCAFSSAGPCALRFTSARRMETTVNAHQILPKVLHKRTLGLSAMSTTDLEAYFKDCLFKDWEELGEEIRLKVFVLGGCRHKLVCAPAPCNFFTSA
P28328,uniprotkb:P20505,MASRKENAKSANRVLRISQLDALELNKALEQLVWSQFTQCFHGFKPGLLARFEPEVKACLWVFLWRFTIYSKNATVGQSVLNIKYKNDFSPNLRYQPPSKNQKIWYAVCTIGGRWLEERCYDLFRNHHLASFGKVKQCVNFVIGLLKLGGLINFLIFLQRGKFATLTERLLGIHSVFCKPQNICEVGFEYMNRELLWHGFAEFLIFLLPLINVQKLKAKLSSWCIPLTGAPNSDNTLATSGKECALCGEWPTMPHTIGCEHIFCYFCAKSSFLFDVYFTCPKCGTEVHSLQPLKSGIEMSEVNAL,MNFQGLVLTDNCKNQWVVGPLIGKGGFGSIYTTNDNNYVVKIEPKANGSLFTEQAFYTRVLKPSVIEEWKKSHNIKHVGLITCKAFGLYKSINVEYRFLVINRLGVDLDAVIRANNNRLPKRSVMLIGIEILNTIQFMHEQGYSHGDIKASNIVLDQIDKNKLYLVDYGLVSKFMSNGEHVPFIRNPNKMDNGTLEFTPIDSHKGYVVSRRGDLETLGYCMIRWLGGILPWTKISETKNCALVSATKQKYVNNTATLLMTSLQYAPRELLQYITMVNSLTYFEEPNYDEFRHILMQGVYY
Q96BT1,uniprotkb:P15879,MAQPQLYLPEPFKIAYRKVGQCRRFQQLKKKNGSFKRKGIERWHRAVSTNLLKQNVLVPKEESSSDSDMGFHESQQNQKSNLKTKVKTAFGRMLSYKYRSKPACASQEGSTDHKEALLSNTQSLLPRIVKEFSSPKLFTAKMRKLSENATIQLDVVEAETEEITQGNTLLRARRTTKRLSVTSLPSGLQKGPYSPKKRPHFPALKKKKRGMENILRKSDLTVGKLQMQVDDLIETVTDKSMKLLAQRHAELQQCEFLGDEILQSSKQFQRISKRTMRKYKLKNMTTKGPGDS,MKGLRKSILCLVLSAGVIAPVTSGMIQSPQKCYAYSINQKAYSNTYQEFTNIDQAKAWGNAQYKKYGLSKSEKEAIVSYTKSASEINGKLRQNKGVINGFPSNLIKQVELLDKSFNKMKTPENIMLFRGDDPAYLGTEFQNTLLNSNGTINKTAFEKAKAKFLNKDRLEYGYISTSLMNVSQFAGRPIITKFKVAKGSKAGYIDPISAFAGQLEMLLPRHSTYHIDDMRLSSDGKQIIITATMMGTAINPK
Q96LR5,uniprotkb:Q9WMX2-PRO_0000037547,MSTEAQRVDDSPSTSGGSSDGDQRESVQQEPEREQVQPKKKEGKISSKTAAKLSTSAKRIQKELAEITLDPPPNCSAGPKGDNIYEWRSTILGPPGSVYEGGVFFLDITFSPDYPFKPPKVTFRTRIYHCNINSQGVICLDILKDNWSPALTISKVLLSICSLLTDCNPADPLVGSIATQYMTNRAEHDRMARQWTKRYAT,MDREMAASCGGAVFVGLILLTLSPHYKLFLARLIWWLQYFITRAEAHLQVWIPPLNVRGGRDAVILLTCAIHPELIFTITKILLAILGPLMVLQAGITKVPYFVRAHGLIRACMLVRKVAGGHYVQMALMKLAALTGTYVYDHLTPLRDWAHAGLRDLAVAVEPVVFSDMETKVITWGADTAACGDIILGLPVSARRGREIHLGPADSLEGQGWRLL